model,scenario,n_feat,RMSLE,RMSLE_sd,RMSE,MAE,R2,train_time,sel_time
SVR,Baseline,248.0,0.1413961655845282,0.009621834715243848,27837.16243200944,16835.512462490744,0.8654097156277802,0.18077969551086426,7.279713948567708e-05
RandomForest,Baseline,248.0,0.14142181737104878,0.014970884663696846,26654.732762261945,17658.356267182764,0.8770735232103176,3.674030621846517,7.279713948567708e-05
XGBoost,Baseline,248.0,0.12167347473956991,0.007026775572360111,22169.97857751932,14459.856409638987,0.9150660869727579,3.132094939549764,7.279713948567708e-05
SVR,Filter-MI-30,30.0,0.14624932738612575,0.0041906062176111526,28617.74936201522,18026.43544687904,0.8584624871474533,0.13858540852864584,2.5468966960906982
RandomForest,Filter-MI-30,30.0,0.14548324349556277,0.014815589256597494,27185.051144337205,17973.036708006093,0.8718053706875087,1.7569294770558674,2.5468966960906982
XGBoost,Filter-MI-30,30.0,0.13249942678398077,0.010444658905338786,24493.558445997027,16246.497578660104,0.8960564755177693,1.5848349730173747,2.5468966960906982
SVR,Filter-MI-50,50.0,0.14549982017458116,0.002281617369139526,29021.129372796855,18164.71466422972,0.8547061272026218,0.16281596819559732,2.3600168228149414
RandomForest,Filter-MI-50,50.0,0.14255624071403616,0.013710341184229879,26949.16077742615,17746.726428822712,0.8744536185987283,2.0283925533294678,2.3600168228149414
XGBoost,Filter-MI-50,50.0,0.12868792258540548,0.007787823674490341,23944.964914488653,15778.72835063499,0.9008891790706709,1.8237419923146565,2.3600168228149414
SVR,Filter-F-50,50.0,0.15202638143273636,0.006184897575445984,29030.44301369703,18980.875954385843,0.8545631969992167,0.21001164118448892,0.014642079671223959
RandomForest,Filter-F-50,50.0,0.1479409806779336,0.013963311239002078,27544.010251727403,18281.018919684302,0.8687375258875126,1.9646210670471191,0.014642079671223959
XGBoost,Filter-F-50,50.0,0.1370184929200666,0.008585579959128878,25203.433876656432,16951.108563427515,0.8903683854084151,1.8998114267985027,0.014642079671223959
SVR,Wrapper-RFE-50,50.0,0.1446408021254757,0.01069825063603796,28362.831816440772,18126.068678417636,0.8610568991326121,0.22949433326721191,0.2902422746022542
RandomForest,Wrapper-RFE-50,50.0,0.15262297029458485,0.01226851113457864,28516.435457915544,18725.475267895978,0.8596381909692806,1.042967955271403,0.2902422746022542
XGBoost,Wrapper-RFE-50,50.0,0.14361037946174302,0.010020894784354608,27272.34200450481,17497.998100385277,0.8710598672020149,1.4770325819651287,0.2902422746022542
SVR,Embedded-Lasso,101.0,0.1453969909883091,0.009688053082301699,29160.169337008225,17460.23670221433,0.8523278354951823,0.16580986976623535,0.5565793514251709
RandomForest,Embedded-Lasso,101.0,0.14103352195081734,0.01429181044752863,26562.907009956445,17588.515971256795,0.8779865943557313,2.52772323290507,0.5565793514251709
XGBoost,Embedded-Lasso,101.0,0.12216760038304837,0.008668310300543814,22147.90971417067,14812.38983572346,0.9149696053016344,2.346877177556356,0.5565793514251709
SVR,Embedded-RFTop50,50.0,0.14143389614699856,0.0032309364720902087,28087.256429988236,17266.13701724177,0.8637028007754188,0.1651922861735026,3.769841988881429
RandomForest,Embedded-RFTop50,50.0,0.14163959817136662,0.01442154305104852,26709.15011364887,17674.49016779798,0.8765968293633831,2.1501592000325522,3.769841988881429
XGBoost,Embedded-RFTop50,50.0,0.1257230308273183,0.009144613127746322,23792.41648436216,15719.017894727454,0.902070090479973,1.9070850213368733,3.769841988881429
