seed,scenario,model,n_feat,RMSLE,RMSE,MAE,R2,train_time,sel_time
42,Baseline,SVR,248,0.13913708875328062,23053.374824133673,15657.368359628434,0.8987393806584383,0.14974641799926758,9.369850158691406e-05
42,Baseline,RandomForest,248,0.15077020674026287,25561.10989918407,17499.706007200824,0.8755110019731509,3.576709747314453,9.369850158691406e-05
42,Baseline,XGBoost,248,0.12550253365012026,19978.69226113602,13679.27944402826,0.9239488700640404,2.5658271312713623,9.369850158691406e-05
42,Filter-MI-30,SVR,30,0.14481802334385174,24929.88399611975,17133.554174650155,0.8815835406327791,0.1109316349029541,1.9341423511505127
42,Filter-MI-30,RandomForest,30,0.1570780676385364,27037.33821341805,18202.621310268387,0.8607165794464925,1.6097891330718994,1.9341423511505127
42,Filter-MI-30,XGBoost,30,0.13886649156369016,23580.441661235902,16382.385086686647,0.8940562291629134,1.2892882823944092,1.9341423511505127
42,Filter-MI-50,SVR,50,0.14690671154881302,25860.64233229911,17396.510194076498,0.8725763116361895,0.12120389938354492,2.1998391151428223
42,Filter-MI-50,RandomForest,50,0.15092093154313022,25745.480605953868,17645.88382580249,0.8737086623431087,2.080120325088501,2.1998391151428223
42,Filter-MI-50,XGBoost,50,0.1323767629923044,22374.452866272753,15426.408657962334,0.9046158081401295,1.7896850109100342,2.1998391151428223
42,Filter-F-50,SVR,50,0.1591011126807703,27554.715357050012,19083.164968370827,0.8553350189536237,0.21312665939331055,0.016238689422607422
42,Filter-F-50,RandomForest,50,0.15725040125024864,26736.47608808993,18565.19465346022,0.8637991279471604,1.842186450958252,0.016238689422607422
42,Filter-F-50,XGBoost,50,0.14305851792465732,23565.184109998398,17101.819991438362,0.8941932850825132,1.8289210796356201,0.016238689422607422
42,Wrapper-RFE-50,SVR,50,0.14848633729955216,26161.98646481651,17812.921438762336,0.869589371008207,0.2023029327392578,0.2327866554260254
42,Wrapper-RFE-50,RandomForest,50,0.15992175688403223,26747.08168387078,18381.648688582696,0.8636910525311292,0.9378716945648193,0.2327866554260254
42,Wrapper-RFE-50,XGBoost,50,0.14462054796705046,26492.457985239835,16833.915574165247,0.8662739351537556,1.41973876953125,0.2327866554260254
42,Embedded-Lasso,SVR,85,0.14141453373300708,24275.7671879468,15909.903025790922,0.8877161012377888,0.1741957664489746,0.38751697540283203
42,Embedded-Lasso,RandomForest,85,0.15003189178471424,25433.140939780224,17416.772195230482,0.8767543634591504,2.4303667545318604,0.38751697540283203
42,Embedded-Lasso,XGBoost,85,0.1241118969608935,19716.270707256786,14020.128384524833,0.925933623032644,2.4381628036499023,0.38751697540283203
42,Embedded-RFTop50,SVR,50,0.13829587055279882,23776.469518708403,15747.480466177229,0.8922874536482187,0.1587049961090088,3.6839213371276855
42,Embedded-RFTop50,RandomForest,50,0.14980580411003985,25492.78913018352,17483.683344703448,0.8761755910782953,1.977708339691162,3.6839213371276855
42,Embedded-RFTop50,XGBoost,50,0.13091945096565172,22520.809455654584,15547.064305971753,0.9033638657342116,1.7359528541564941,3.6839213371276855
7,Baseline,SVR,248,0.15194653900509514,31719.608851702757,17798.38788587948,0.8296703503962352,0.17773008346557617,7.367134094238281e-05
7,Baseline,RandomForest,248,0.14934060087926362,27995.821534206636,18244.31330674278,0.8673152412069818,3.365997076034546,7.367134094238281e-05
7,Baseline,XGBoost,248,0.12595404866026577,23990.54535097769,14703.365782855308,0.9025650318687416,3.4182076454162598,7.367134094238281e-05
7,Filter-MI-30,SVR,30,0.1509680665940486,31205.484337419886,19554.38899660456,0.8351471491907857,0.1554570198059082,2.861557960510254
7,Filter-MI-30,RandomForest,30,0.15057948668024887,28033.925377556658,18354.928724325924,0.8669538129940338,1.81730055809021,2.861557960510254
7,Filter-MI-30,XGBoost,30,0.13818642223733313,26021.874819819368,16568.61928777825,0.8853664417375343,1.7078015804290771,2.861557960510254
7,Filter-MI-50,SVR,50,0.1428673150495543,28792.438999368896,17847.253210801253,0.8596567539082255,0.23839664459228516,2.3213043212890625
7,Filter-MI-50,RandomForest,50,0.1500142310286785,28081.90686703614,18188.979589712482,0.8664979926123982,2.1477584838867188,2.3213043212890625
7,Filter-MI-50,XGBoost,50,0.13394593435447605,25484.272716025178,16181.890919306503,0.8900540858630226,1.9600653648376465,2.3213043212890625
7,Filter-F-50,SVR,50,0.14764397655233724,28609.37271360447,18299.02140022827,0.8614357237127107,0.20897173881530762,0.014487028121948242
7,Filter-F-50,RandomForest,50,0.1546869316538722,28458.547606578533,18543.13834417341,0.8628928604070745,1.958655834197998,0.014487028121948242
7,Filter-F-50,XGBoost,50,0.14080661942138553,26157.580403428754,16669.223900363868,0.8841676827831684,1.9768023490905762,0.014487028121948242
7,Wrapper-RFE-50,SVR,50,0.15288471841717552,30148.659443071163,18363.751583399368,0.8461240955314541,0.21636319160461426,0.28614091873168945
7,Wrapper-RFE-50,RandomForest,50,0.15948843083624695,29553.79508786998,19184.305172224642,0.8521364522466186,1.0348536968231201,0.28614091873168945
7,Wrapper-RFE-50,XGBoost,50,0.15308793023057882,28860.878385151398,18171.949513056512,0.8589887715208879,1.5379674434661865,0.28614091873168945
7,Embedded-Lasso,SVR,92,0.15644158353125506,33229.063826400285,18920.600651719877,0.8130735240602198,0.16380953788757324,0.5466663837432861
7,Embedded-Lasso,RandomForest,92,0.14851464801136025,27740.62261200291,18041.36475875177,0.8697232202382882,2.481337070465088,0.5466663837432861
7,Embedded-Lasso,XGBoost,92,0.12969865070285821,24765.314215507606,15621.868190817637,0.896170134431616,2.0799670219421387,0.5466663837432861
7,Embedded-RFTop50,SVR,50,0.141255468812279,28613.013810735178,17512.22344247688,0.8614004514892185,0.201399564743042,3.4051339626312256
7,Embedded-RFTop50,RandomForest,50,0.15012493641001715,28125.18774014617,18353.688687114565,0.8660861590309417,2.15500545501709,3.4051339626312256
7,Embedded-RFTop50,XGBoost,50,0.13108546536556828,25282.934667774203,15994.298921767977,0.8917844748212302,2.0402579307556152,3.4051339626312256
2024,Baseline,SVR,248,0.13310486899520887,28738.5036201919,17050.781141964315,0.8678194158286672,0.21486258506774902,5.1021575927734375e-05
2024,Baseline,RandomForest,248,0.12415464449361986,26407.26685339512,17231.04948760469,0.8883943264508201,4.079385042190552,5.1021575927734375e-05
2024,Baseline,XGBoost,248,0.11356384190832366,22540.698120444245,14996.924002033391,0.918684358985492,3.41225004196167,5.1021575927734375e-05
2024,Filter-MI-30,SVR,30,0.14296189222047698,29717.879752506025,17391.363169382406,0.8586567716187951,0.1493675708770752,2.844989776611328
2024,Filter-MI-30,RandomForest,30,0.12879217616790303,26483.889842036897,17361.56008942396,0.887745719622,1.8436987400054932,2.844989776611328
2024,Filter-MI-30,XGBoost,30,0.12044536655091906,23878.35885693581,15788.488361515418,0.9087467556528602,1.7574150562286377,2.844989776611328
2024,Filter-MI-50,SVR,50,0.1467254339253761,32410.306786722558,19250.380587811407,0.8318853160634503,0.12884736061096191,2.5589070320129395
2024,Filter-MI-50,RandomForest,50,0.1267335595702998,27020.094859288445,17405.315870953167,0.8831542008406781,1.8572988510131836,2.5589070320129395
2024,Filter-MI-50,XGBoost,50,0.119741070409436,23976.169161168025,15727.885474636134,0.9079976432088606,1.721475601196289,2.5589070320129395
2024,Filter-F-50,SVR,50,0.14933405506510153,30927.240970436596,19560.441494558425,0.8469188483313155,0.20793652534484863,0.013200521469116211
2024,Filter-F-50,RandomForest,50,0.13188560912967992,27437.007060513748,17734.723761419275,0.8795205893083031,2.0930209159851074,0.013200521469116211
2024,Filter-F-50,XGBoost,50,0.12719034141415692,25887.537116542142,17082.281798480315,0.8927441883595638,1.8937108516693115,0.013200521469116211
2024,Wrapper-RFE-50,SVR,50,0.13255135065969942,28777.84954143465,18201.533013091204,0.8674572308581754,0.26981687545776367,0.35179924964904785
2024,Wrapper-RFE-50,RandomForest,50,0.13845872316347535,29248.429602005875,18610.47194288059,0.863087068130094,1.1561784744262695,0.35179924964904785
2024,Wrapper-RFE-50,XGBoost,50,0.13312266018759977,26463.6896431232,17488.129213934073,0.887916894931401,1.4733915328979492,0.35179924964904785
2024,Embedded-Lasso,SVR,126,0.13833485570066517,29975.67699667759,17550.20642913219,0.8561938811875386,0.1594243049621582,0.7355546951293945
2024,Embedded-Lasso,RandomForest,126,0.12455402605637758,26514.957478086202,17307.41095978813,0.8874821993697554,2.6714658737182617,0.7355546951293945
2024,Embedded-Lasso,XGBoost,126,0.1126922534853934,21962.144219747614,14795.172931827909,0.9228050584406431,2.5225017070770264,0.7355546951293945
2024,Embedded-RFTop50,SVR,50,0.1447503490759179,31872.28596052113,18538.70714307121,0.8374204971888194,0.13547229766845703,4.220470666885376
2024,Embedded-RFTop50,RandomForest,50,0.12498805399404284,26509.47347061692,17186.098471575922,0.8875287379809126,2.3177638053894043,4.220470666885376
2024,Embedded-RFTop50,XGBoost,50,0.1151641761507349,23573.505329657695,15615.690456442633,0.911061930884477,1.9450442790985107,4.220470666885376
