Biến,H,p,eta2_xap_xi
Neighborhood,868.5324,0.0,0.5953
ExterQual,683.4401,0.0,0.4684
KitchenQual,661.4816,0.0,0.4534
BsmtQual,631.8332,0.0,0.4331
GarageFinish,505.2078,0.0,0.3463
Foundation,488.7228,0.0,0.335
GarageType,421.1545,0.0,0.2887
HeatingQC,354.6721,0.0,0.2431
Exterior1st,298.9538,0.0,0.2049
BsmtFinType1,298.2233,0.0,0.2044
Exterior2nd,280.4219,0.0,0.1922
MasVnrType,275.6748,0.0,0.1889
MSZoning,270.0702,0.0,0.1851
HouseStyle,185.4294,0.0,0.1271
SaleCondition,168.3225,0.0,0.1154
SaleType,156.3829,0.0,0.1072
LotShape,150.9542,0.0,0.1035
CentralAir,143.1983,0.0,0.0981
BsmtExposure,138.957,0.0,0.0952
Electrical,128.7077,0.0,0.0882
PavedDrive,115.8391,0.0,0.0794
FireplaceQu,81.9254,0.0,0.0562
Condition1,74.4039,0.0,0.051
BldgType,69.8006,0.0,0.0478
BsmtCond,62.1184,0.0,0.0426
GarageQual,61.5641,0.0,0.0422
GarageCond,60.3747,0.0,0.0414
ExterCond,43.8583,0.0,0.0301
RoofStyle,39.8775,0.0,0.0273
LotConfig,35.7239,0.0,0.0245
LandContour,35.3096,0.0,0.0242
Fence,32.8381,0.0,0.0225
Alley,32.5304,0.0,0.0223
Functional,31.7593,0.0,0.0218
Heating,30.4695,0.0,0.0209
RoofMatl,16.9304,0.0007,0.0116
Condition2,14.6229,0.0056,0.01
BsmtFinType2,11.0565,0.0503,0.0076
LandSlope,3.9388,0.1395,0.0027
Street,3.0624,0.0801,0.0021
MiscFeature,2.8639,0.2388,0.002
PoolQC,1.6071,0.4477,0.0011
