,count,mean,std,min,25%,50%,75%,max,skew
LotFrontage,1201.0,70.05,24.28,21.0,59.0,69.0,80.0,313.0,2.16
LotArea,1460.0,10516.83,9981.26,1300.0,7553.5,9478.5,11601.5,215245.0,12.21
YearBuilt,1460.0,1971.27,30.2,1872.0,1954.0,1973.0,2000.0,2010.0,-0.61
YearRemodAdd,1460.0,1984.87,20.65,1950.0,1967.0,1994.0,2004.0,2010.0,-0.5
MasVnrArea,1452.0,103.69,181.07,0.0,0.0,0.0,166.0,1600.0,2.67
BsmtFinSF1,1460.0,443.64,456.1,0.0,0.0,383.5,712.25,5644.0,1.69
BsmtFinSF2,1460.0,46.55,161.32,0.0,0.0,0.0,0.0,1474.0,4.26
BsmtUnfSF,1460.0,567.24,441.87,0.0,223.0,477.5,808.0,2336.0,0.92
TotalBsmtSF,1460.0,1057.43,438.71,0.0,795.75,991.5,1298.25,6110.0,1.52
1stFlrSF,1460.0,1162.63,386.59,334.0,882.0,1087.0,1391.25,4692.0,1.38
2ndFlrSF,1460.0,346.99,436.53,0.0,0.0,0.0,728.0,2065.0,0.81
LowQualFinSF,1460.0,5.84,48.62,0.0,0.0,0.0,0.0,572.0,9.01
GrLivArea,1460.0,1515.46,525.48,334.0,1129.5,1464.0,1776.75,5642.0,1.37
BsmtFullBath,1460.0,0.43,0.52,0.0,0.0,0.0,1.0,3.0,0.6
BsmtHalfBath,1460.0,0.06,0.24,0.0,0.0,0.0,0.0,2.0,4.1
FullBath,1460.0,1.57,0.55,0.0,1.0,2.0,2.0,3.0,0.04
HalfBath,1460.0,0.38,0.5,0.0,0.0,0.0,1.0,2.0,0.68
BedroomAbvGr,1460.0,2.87,0.82,0.0,2.0,3.0,3.0,8.0,0.21
KitchenAbvGr,1460.0,1.05,0.22,0.0,1.0,1.0,1.0,3.0,4.49
TotRmsAbvGrd,1460.0,6.52,1.63,2.0,5.0,6.0,7.0,14.0,0.68
Fireplaces,1460.0,0.61,0.64,0.0,0.0,1.0,1.0,3.0,0.65
GarageYrBlt,1379.0,1978.51,24.69,1900.0,1961.0,1980.0,2002.0,2010.0,-0.65
GarageCars,1460.0,1.77,0.75,0.0,1.0,2.0,2.0,4.0,-0.34
GarageArea,1460.0,472.98,213.8,0.0,334.5,480.0,576.0,1418.0,0.18
WoodDeckSF,1460.0,94.24,125.34,0.0,0.0,0.0,168.0,857.0,1.54
OpenPorchSF,1460.0,46.66,66.26,0.0,0.0,25.0,68.0,547.0,2.36
EnclosedPorch,1460.0,21.95,61.12,0.0,0.0,0.0,0.0,552.0,3.09
3SsnPorch,1460.0,3.41,29.32,0.0,0.0,0.0,0.0,508.0,10.3
ScreenPorch,1460.0,15.06,55.76,0.0,0.0,0.0,0.0,480.0,4.12
PoolArea,1460.0,2.76,40.18,0.0,0.0,0.0,0.0,738.0,14.83
MiscVal,1460.0,43.49,496.12,0.0,0.0,0.0,0.0,15500.0,24.48
MoSold,1460.0,6.32,2.7,1.0,5.0,6.0,8.0,12.0,0.21
YrSold,1460.0,2007.82,1.33,2006.0,2007.0,2008.0,2009.0,2010.0,0.1
SalePrice,1460.0,180921.2,79442.5,34900.0,129975.0,163000.0,214000.0,755000.0,1.88
